id,variable,csv_field,source,source_period,source_geography,component,in_download,prior_local_status,r2_status
1,"Landsat annual greenness, reported 10-year average",avg10yr_landsat_fsa2019,CANUE,2009–2019,postal code,Adaptive capacity,yes,ZIP archive entries present in Google Drive; processed extracts absent from current checkout; matching original version/field/years not established,Related grid/aggregate catalogues live; representative objects HTTP 200; exact FSA aggregates absent from inspected catalogue
2,"Noise, reported 10-year average",avg10yr_noiselvl2019,CANUE,2009–2019,postal code,Adaptive capacity,yes,ZIP archive entries present in Google Drive; processed extracts absent from current checkout; matching original version/field/years not established,Related grid/aggregate catalogues live; representative objects HTTP 200; exact FSA aggregates absent from inspected catalogue
3,Building density within 100 m,avg2019_buil_dense_100m,CANUE,2019,postal code,Adaptive capacity,yes,ZIP archive entries present in Google Drive; processed extracts absent from current checkout; matching original version/field/years not established,Related grid/aggregate catalogues live; representative objects HTTP 200; exact FSA aggregates absent from inspected catalogue
4,Facility density within 1000 m,avg2019_facility_richness,CANUE,2019,postal code,Adaptive capacity,yes,ZIP archive entries present in Google Drive; processed extracts absent from current checkout; matching original version/field/years not established,Related grid/aggregate catalogues live; representative objects HTTP 200; exact FSA aggregates absent from inspected catalogue
5,Employment access,avg2019_prox.emp,CANUE,2019,postal code,Adaptive capacity,yes,ZIP archive entries present in Google Drive; processed extracts absent from current checkout; matching original version/field/years not established,Related grid/aggregate catalogues live; representative objects HTTP 200; exact FSA aggregates absent from inspected catalogue
6,Health facility proximity,avg2019_prox_health,CANUE,2019,postal code,Adaptive capacity,yes,ZIP archive entries present in Google Drive; processed extracts absent from current checkout; matching original version/field/years not established,Related grid/aggregate catalogues live; representative objects HTTP 200; exact FSA aggregates absent from inspected catalogue
7,Public park proximity,avg2019_prox_park,CANUE,2019,postal code,Adaptive capacity,yes,ZIP archive entries present in Google Drive; processed extracts absent from current checkout; matching original version/field/years not established,Related grid/aggregate catalogues live; representative objects HTTP 200; exact FSA aggregates absent from inspected catalogue
8,CANBICS bikeability,avg2021_canbics_index,CANUE,2021,postal code,Adaptive capacity,yes,ZIP archive entries present in Google Drive; processed extracts absent from current checkout; matching original version/field/years not established,Related grid/aggregate catalogues live; representative objects HTTP 200; exact FSA aggregates absent from inspected catalogue
9,Total community gaming grants,total_gaming_grant_2022,BC Government,2022,electoral district,Adaptive capacity,yes,Original electoral-district grants not found in searched locations,Not verified
10,Average community gaming grant,avg_gaming_grant_2022,BC Government,2022,electoral district,Adaptive capacity,yes,Original electoral-district grants not found in searched locations,Not verified
11,Median personal income,median_person_income,StatCan,2021,DA,Adaptive capacity,yes,2021 variables present for 135 Prince George DAs; BC DA geometry present; complete province-wide attribute coverage not established,CVI/census attribute publication not verified
12,Median household income,median_household_income,StatCan,2021,DA,Adaptive capacity,yes,2021 variables present for 135 Prince George DAs; BC DA geometry present; complete province-wide attribute coverage not established,CVI/census attribute publication not verified
13,Average household size,avg_household_size,StatCan,2021,DA,Adaptive capacity,yes,2021 variables present for 135 Prince George DAs; BC DA geometry present; complete province-wide attribute coverage not established,CVI/census attribute publication not verified
14,Residents living alone,num_living_alone,StatCan,2021,DA,Adaptive capacity,yes,2021 variables present for 135 Prince George DAs; BC DA geometry present; complete province-wide attribute coverage not established,CVI/census attribute publication not verified
15,Single residents,num_single_ppl,StatCan,2021,DA,Adaptive capacity,yes,2021 variables present for 135 Prince George DAs; BC DA geometry present; complete province-wide attribute coverage not established,CVI/census attribute publication not verified
16,"Gini index, adjusted household income",gini_household,StatCan,2021 (2020 income),DA,Adaptive capacity,yes,2021 variables present for 135 Prince George DAs; BC DA geometry present; complete province-wide attribute coverage not established,CVI/census attribute publication not verified
17,Median employment income,,StatCan,2021,DA,Adaptive capacity,no,2021 variables present for 135 Prince George DAs; BC DA geometry present; complete province-wide attribute coverage not established,CVI/census attribute publication not verified
18,Median household after-tax income,,StatCan,2021 (2020 income),DA,Adaptive capacity,no,2021 variables present for 135 Prince George DAs; BC DA geometry present; complete province-wide attribute coverage not established,CVI/census attribute publication not verified
19,Private dwellings percentage,,StatCan,2021,DA,Adaptive capacity,no,2021 variables present for 135 Prince George DAs; BC DA geometry present; complete province-wide attribute coverage not established,CVI/census attribute publication not verified
20,Low-income measure percentage,low_income_percent,StatCan,2021,DA,Adaptive capacity,yes,2021 variables present for 135 Prince George DAs; BC DA geometry present; complete province-wide attribute coverage not established,CVI/census attribute publication not verified
21,Population,population,StatCan,2021,DA,Adaptive capacity,yes,2021 variables present for 135 Prince George DAs; BC DA geometry present; complete province-wide attribute coverage not established,CVI/census attribute publication not verified
22,Population density,pop_density,StatCan,2021,DA,Adaptive capacity,yes,2021 variables present for 135 Prince George DAs; BC DA geometry present; complete province-wide attribute coverage not established,CVI/census attribute publication not verified
23,Shelter-cost-to-income ratio,excess_rent,StatCan,2021,DA,Adaptive capacity,yes,2021 variables present for 135 Prince George DAs; BC DA geometry present; complete province-wide attribute coverage not established,CVI/census attribute publication not verified
24,English speakers,num_eng_speakers,StatCan,2021,DA,Adaptive capacity,yes,2021 variables present for 135 Prince George DAs; BC DA geometry present; complete province-wide attribute coverage not established,CVI/census attribute publication not verified
25,Indigenous residents,num_indigenous,StatCan,2021,DA,Adaptive capacity,yes,2021 variables present for 135 Prince George DAs; BC DA geometry present; complete province-wide attribute coverage not established,CVI/census attribute publication not verified
26,Non-Indigenous residents,num_non_indigenous,StatCan,2021,DA,Adaptive capacity,yes,2021 variables present for 135 Prince George DAs; BC DA geometry present; complete province-wide attribute coverage not established,CVI/census attribute publication not verified
27,Rooms per dwelling,avg_room_dwelling,StatCan,2021,DA,Adaptive capacity,yes,2021 variables present for 135 Prince George DAs; BC DA geometry present; complete province-wide attribute coverage not established,CVI/census attribute publication not verified
28,Non-immigrants,num_non_immig,StatCan,2021,DA,Adaptive capacity,yes,2021 variables present for 135 Prince George DAs; BC DA geometry present; complete province-wide attribute coverage not established,CVI/census attribute publication not verified
29,Non-minority residents,num_non_minority,StatCan,2021,DA,Adaptive capacity,yes,2021 variables present for 135 Prince George DAs; BC DA geometry present; complete province-wide attribute coverage not established,CVI/census attribute publication not verified
30,Non-movers over one year,num_non_1yr_mover,StatCan,2021,DA,Adaptive capacity,yes,2021 variables present for 135 Prince George DAs; BC DA geometry present; complete province-wide attribute coverage not established,CVI/census attribute publication not verified
31,High school education,num_hs_edu,StatCan,2021,DA,Adaptive capacity,yes,2021 variables present for 135 Prince George DAs; BC DA geometry present; complete province-wide attribute coverage not established,CVI/census attribute publication not verified
32,Postsecondary education,num_postsecond,StatCan,2021,DA,Adaptive capacity,yes,2021 variables present for 135 Prince George DAs; BC DA geometry present; complete province-wide attribute coverage not established,CVI/census attribute publication not verified
33,Employed residents,num_employed,StatCan,2021,DA,Adaptive capacity,yes,2021 variables present for 135 Prince George DAs; BC DA geometry present; complete province-wide attribute coverage not established,CVI/census attribute publication not verified
34,"PM2.5, 10-year average",pm25_fsa_avg10yr_2020,CANUE,2011–2020,postal code,Exposure,yes,ZIP archive entries present in Google Drive; processed extracts absent from current checkout; matching original version/field/years not established,Related grid/aggregate catalogues live; representative objects HTTP 200; exact FSA aggregates absent from inspected catalogue
35,"Land temperature, 3-year average",avg3yr_landtemp_2021,CANUE,2019–2021,postal code,Exposure,yes,ZIP archive entries present in Google Drive; processed extracts absent from current checkout; matching original version/field/years not established,Related grid/aggregate catalogues live; representative objects HTTP 200; exact FSA aggregates absent from inspected catalogue
36,"Annual maximum temperature, 10-year average",,CANUE,2011–2020,postal code,Exposure,no,ZIP archive entries present in Google Drive; processed extracts absent from current checkout; matching original version/field/years not established,Related grid/aggregate catalogues live; representative objects HTTP 200; exact FSA aggregates absent from inspected catalogue
37,"Annual precipitation, 10-year average",avg10yr_annual_precipitation,CANUE,2011–2020,postal code,Exposure,yes,ZIP archive entries present in Google Drive; processed extracts absent from current checkout; matching original version/field/years not established,Related grid/aggregate catalogues live; representative objects HTTP 200; exact FSA aggregates absent from inspected catalogue
38,Extreme heat event count,total_heat,ECCC,2009–2022,weather station,Exposure,yes,Original station-level event count dataset not found; related climate data exist,Related BC climate data live; original heat event dataset not verified
39,Projected 2020s summer temperature change,2020s_summer_tmean_change,PCIC,2018 release,weather station,Exposure,yes,Related climate projection output present; exact 2018 station-based changes not found,Related BC climate manifest HTTP 200; exact CVI input not verified
40,Projected 2050s summer temperature change,2050s_summer_tmean_change,PCIC,2018 release,weather station,Exposure,yes,Related climate projection output present; exact 2018 station-based changes not found,Related BC climate manifest HTTP 200; exact CVI input not verified
41,Median age,median_age,StatCan,2021,DA,Sensitivity,yes,2021 variables present for 135 Prince George DAs; BC DA geometry present; complete province-wide attribute coverage not established,CVI/census attribute publication not verified
42,Average age,mean_age,StatCan,2021,DA,Sensitivity,yes,2021 variables present for 135 Prince George DAs; BC DA geometry present; complete province-wide attribute coverage not established,CVI/census attribute publication not verified
43,"Projected median age change, 2023–2046",median_age_chgn,BC Stats,2022 release,LHA,Sensitivity,yes,Exact 2022 projection release/change table not found,Not verified
44,"Projected population change, 2023–2046",pop_chng,BC Stats,2022 release,LHA,Sensitivity,yes,Exact 2022 projection release/change table not found,Not verified
45,Vulnerability Communication Kindergarten,Vulnerability_Communication_Kindergarten,BC Community Health Data,2013–2016,LHA,Sensitivity,yes,1048 PHSA CSV archive entries in Google Drive snapshot; current checkout lacks PHSA output; original vintage not verified,Original health input publication not verified
46,Vulnerability Emotional Kindergarten,Vulnerability_Emotional_Kindergarten,BC Community Health Data,2013–2016,LHA,Sensitivity,yes,1048 PHSA CSV archive entries in Google Drive snapshot; current checkout lacks PHSA output; original vintage not verified,Original health input publication not verified
47,Vulnerability Cognitive Kindergarten,Vulnerability_Cognitive_Kindergarten,BC Community Health Data,2013–2016,LHA,Sensitivity,yes,1048 PHSA CSV archive entries in Google Drive snapshot; current checkout lacks PHSA output; original vintage not verified,Original health input publication not verified
48,Vulnerability Physical Kindergarten,Vulnerability_Physical_Kindergarten,BC Community Health Data,2013–2016,LHA,Sensitivity,yes,1048 PHSA CSV archive entries in Google Drive snapshot; current checkout lacks PHSA output; original vintage not verified,Original health input publication not verified
49,Vulnerability Social Kindergarten,Vulnerability_Social_Kindergarten,BC Community Health Data,2013–2016,LHA,Sensitivity,yes,1048 PHSA CSV archive entries in Google Drive snapshot; current checkout lacks PHSA output; original vintage not verified,Original health input publication not verified
50,Vulnerability One or More Areas Kindergarten,Vulnerability_One_or_More_Areas_Kindergarten,BC Community Health Data,2013–2016,LHA,Sensitivity,yes,1048 PHSA CSV archive entries in Google Drive snapshot; current checkout lacks PHSA output; original vintage not verified,Original health input publication not verified
51,Life Expectancy Total All Ages,Life_Expectancy_Total_All_Ages,BC Community Health Data,2011–2015,LHA,Sensitivity,yes,1048 PHSA CSV archive entries in Google Drive snapshot; current checkout lacks PHSA output; original vintage not verified,Original health input publication not verified
52,PYLL Smoking Attributable Deaths,PYLL_Smoking_Attributable_Deaths,BC Community Health Data,2011–2015,LHA,Sensitivity,yes,1048 PHSA CSV archive entries in Google Drive snapshot; current checkout lacks PHSA output; original vintage not verified,Original health input publication not verified
53,PYLL Drug Induced Deaths,PYLL_Drug_Induced_Deaths,BC Community Health Data,2011–2015,LHA,Sensitivity,yes,1048 PHSA CSV archive entries in Google Drive snapshot; current checkout lacks PHSA output; original vintage not verified,Original health input publication not verified
54,PYLL Alcohol Related Deaths,PYLL_Alcohol_Related_Deaths,BC Community Health Data,2011–2015,LHA,Sensitivity,yes,1048 PHSA CSV archive entries in Google Drive snapshot; current checkout lacks PHSA output; original vintage not verified,Original health input publication not verified
55,PYLL Accidental Falls,PYLL_Accidental_Falls,BC Community Health Data,2011–2015,LHA,Sensitivity,yes,1048 PHSA CSV archive entries in Google Drive snapshot; current checkout lacks PHSA output; original vintage not verified,Original health input publication not verified
56,PYLL Motor Vehicle Accidents,PYLL_Motor_Vehicle_Accidents,BC Community Health Data,2011–2015,LHA,Sensitivity,yes,1048 PHSA CSV archive entries in Google Drive snapshot; current checkout lacks PHSA output; original vintage not verified,Original health input publication not verified
57,Infant Mortality Rate 1 Year,Infant_Mortality_Rate_1_Year,BC Community Health Data,2011–2015,LHA,Sensitivity,yes,1048 PHSA CSV archive entries in Google Drive snapshot; current checkout lacks PHSA output; original vintage not verified,Original health input publication not verified
58,Low Birth Rate 1 Year,Low_Birth_Rate_1_Year,BC Community Health Data,2011–2015,LHA,Sensitivity,yes,1048 PHSA CSV archive entries in Google Drive snapshot; current checkout lacks PHSA output; original vintage not verified,Original health input publication not verified
59,Asthma Prevalence 5 54 Years,Asthma_Prevalence_5_54_Years,BC Community Health Data,2015,LHA,Sensitivity,yes,1048 PHSA CSV archive entries in Google Drive snapshot; current checkout lacks PHSA output; original vintage not verified,Original health input publication not verified
60,COPD Prevalence 45 Years,COPD_Prevalence_45_Years,BC Community Health Data,2015,LHA,Sensitivity,yes,1048 PHSA CSV archive entries in Google Drive snapshot; current checkout lacks PHSA output; original vintage not verified,Original health input publication not verified
61,Diabetes Prevalence 1 Years,Diabetes_Prevalence_1_Years,BC Community Health Data,2015,LHA,Sensitivity,yes,1048 PHSA CSV archive entries in Google Drive snapshot; current checkout lacks PHSA output; original vintage not verified,Original health input publication not verified
62,Heart Failure Prevalence 1 Years,Heart_Failure_Prevalence_1_Years,BC Community Health Data,2015,LHA,Sensitivity,yes,1048 PHSA CSV archive entries in Google Drive snapshot; current checkout lacks PHSA output; original vintage not verified,Original health input publication not verified
63,Hypertension Prevalence 20 Years,Hypertension_Prevalence_20_Years,BC Community Health Data,2015,LHA,Sensitivity,yes,1048 PHSA CSV archive entries in Google Drive snapshot; current checkout lacks PHSA output; original vintage not verified,Original health input publication not verified
64,Asthma Incidence 5 54 Years,Asthma_Incidence_5_54_Years,BC Community Health Data,2015,LHA,Sensitivity,yes,1048 PHSA CSV archive entries in Google Drive snapshot; current checkout lacks PHSA output; original vintage not verified,Original health input publication not verified
65,COPD Incidence 45 Years,COPD_Incidence_45_Years,BC Community Health Data,2015,LHA,Sensitivity,yes,1048 PHSA CSV archive entries in Google Drive snapshot; current checkout lacks PHSA output; original vintage not verified,Original health input publication not verified
66,Diabetes Incidence 1 Years,Diabetes_Incidence_1_Years,BC Community Health Data,2015,LHA,Sensitivity,yes,1048 PHSA CSV archive entries in Google Drive snapshot; current checkout lacks PHSA output; original vintage not verified,Original health input publication not verified
67,Heart Failure Incidence 1 Years,Heart_Failure_Incidence_1_Years,BC Community Health Data,2015,LHA,Sensitivity,yes,1048 PHSA CSV archive entries in Google Drive snapshot; current checkout lacks PHSA output; original vintage not verified,Original health input publication not verified
68,Hypertension Incidence 20 Years,Hypertension_Incidence_20_Years,BC Community Health Data,2015,LHA,Sensitivity,yes,1048 PHSA CSV archive entries in Google Drive snapshot; current checkout lacks PHSA output; original vintage not verified,Original health input publication not verified
69,General Practitioners Per 100000 Population,General_Practitioners_Per_100000_Population,BC Community Health Data,2009–2010,LHA,Sensitivity,yes,1048 PHSA CSV archive entries in Google Drive snapshot; current checkout lacks PHSA output; original vintage not verified,Original health input publication not verified
70,Specialists Per 100000 Population,Specialists_Per_100000_Population,BC Community Health Data,2009–2010,LHA,Sensitivity,yes,1048 PHSA CSV archive entries in Google Drive snapshot; current checkout lacks PHSA output; original vintage not verified,Original health input publication not verified
71,Supplementary Practitioners Per 100000 Population,Supplementary_Practitioners_Per_100000_Population,BC Community Health Data,2009–2010,LHA,Sensitivity,yes,1048 PHSA CSV archive entries in Google Drive snapshot; current checkout lacks PHSA output; original vintage not verified,Original health input publication not verified
72,Alcohol Consumption Per Capita,Alcohol_Consumption_Per_Capita,BC Community Health Data,2016,LHA,Sensitivity,yes,1048 PHSA CSV archive entries in Google Drive snapshot; current checkout lacks PHSA output; original vintage not verified,Original health input publication not verified
73,Injury Hospitalization Count,Injury_Hospitalization_Count,BC Community Health Data,2006–2011,LHA,Sensitivity,yes,1048 PHSA CSV archive entries in Google Drive snapshot; current checkout lacks PHSA output; original vintage not verified,Original health input publication not verified
74,All Cause Cancer Incident Cases,All_Cause_Cancer_Incident_Cases,BC Community Health Data,2008–2012,LHA,Sensitivity,yes,1048 PHSA CSV archive entries in Google Drive snapshot; current checkout lacks PHSA output; original vintage not verified,Original health input publication not verified
75,Depression Incident Counts 1 Years,Depression_Incident_Counts_1_Years,BC Community Health Data,2015,LHA,Sensitivity,yes,1048 PHSA CSV archive entries in Google Drive snapshot; current checkout lacks PHSA output; original vintage not verified,Original health input publication not verified
76,Asthma Incident Counts 5 54 Years,Asthma_Incident_Counts_5_54_Years,BC Community Health Data,2015,LHA,Sensitivity,yes,1048 PHSA CSV archive entries in Google Drive snapshot; current checkout lacks PHSA output; original vintage not verified,Original health input publication not verified
77,COPD Incident Counts 45 Years,COPD_Incident_Counts_45_Years,BC Community Health Data,2015,LHA,Sensitivity,yes,1048 PHSA CSV archive entries in Google Drive snapshot; current checkout lacks PHSA output; original vintage not verified,Original health input publication not verified
78,Hypertension Incident Counts 20 Years,Hypertension_Incident_Counts_20_Years,BC Community Health Data,2015,LHA,Sensitivity,yes,1048 PHSA CSV archive entries in Google Drive snapshot; current checkout lacks PHSA output; original vintage not verified,Original health input publication not verified
79,Heart Failure Incident Counts 1 Years,Heart_Failure_Incident_Counts_1_Years,BC Community Health Data,2015,LHA,Sensitivity,yes,1048 PHSA CSV archive entries in Google Drive snapshot; current checkout lacks PHSA output; original vintage not verified,Original health input publication not verified
80,Diabetes Incident Counts 1 Years,Diabetes_Incident_Counts_1_Years,BC Community Health Data,2015,LHA,Sensitivity,yes,1048 PHSA CSV archive entries in Google Drive snapshot; current checkout lacks PHSA output; original vintage not verified,Original health input publication not verified
